{"indexes":[{"v":{"$numberInt":"2"},"key":{"_id":{"$numberInt":"1"}},"name":"_id_"},{"v":{"$numberInt":"2"},"key":{"_fts":"text","_ftsx":{"$numberInt":"1"}},"name":"cast_text_fullplot_text_genres_text_title_text","weights":{"cast":{"$numberInt":"1"},"fullplot":{"$numberInt":"1"},"genres":{"$numberInt":"1"},"title":{"$numberInt":"1"}},"default_language":"english","language_override":"language","textIndexVersion":{"$numberInt":"3"}}],"uuid":"8cb8c96d6ee846ccb1a92d8189da1fbe","collectionName":"movies","type":"collection"}